lap,lap_time_s,lap_score,penalties_pylon,penalties_oob
1,41.339067,41.339067,0,0
2,25.309224,31.309224,2,0
3,53.332348,53.332348,0,0
